Accuracy,Precision_Yes,Recall_Yes,F1-Score_Yes,Precision_No,Recall_No,F1-Score_No
0.6833333333333333,0.75,0.7692307692307693,0.759493670886076,0.55,0.5238095238095238,0.5365853658536586
0.6916666666666667,0.7662337662337663,0.7564102564102564,0.7612903225806451,0.5581395348837209,0.5714285714285714,0.5647058823529412
0.7583333333333333,0.7578947368421053,0.9230769230769231,0.8323699421965318,0.76,0.4523809523809524,0.5671641791044776
0.7416666666666667,0.7526881720430108,0.8974358974358975,0.8187134502923976,0.7037037037037037,0.4523809523809524,0.5507246376811594
0.7083333333333334,0.7590361445783133,0.8076923076923077,0.782608695652174,0.5945945945945946,0.5238095238095238,0.5569620253164557
0.6583333333333333,0.7126436781609196,0.7948717948717948,0.7515151515151515,0.5151515151515151,0.40476190476190477,0.4533333333333333
0.7083333333333334,0.7721518987341772,0.782051282051282,0.7770700636942676,0.5853658536585366,0.5714285714285714,0.5783132530120482
0.7416666666666667,0.7640449438202247,0.8717948717948718,0.8143712574850299,0.6774193548387096,0.5,0.5753424657534246
0.725,0.7710843373493976,0.8205128205128205,0.7950310559006211,0.6216216216216216,0.5476190476190477,0.5822784810126582
